转发者ID,转发者昵称,转发内容,点赞数,发布时间
,返回我的首页,返回我的首页,0,
8014502551,针不戳EMO沙漠78,转发微博 今天 16:52 来自iPhone客户端,0,2025-10-29 16:52
,返回我的首页,返回我的首页,0,
,返回我的首页,返回我的首页,0,
9121352764,rps_release月光99,转发微博 今天 16:51 来自HTC,0,2025-10-29 16:51
,返回我的首页,返回我的首页,0,
,返回我的首页,返回我的首页,0,
8427974911,柱之男_push天,转发微博 今天 16:50 来自iPhone客户端,0,2025-10-29 16:50
8013815216,暗影TAT火星移民11,转发微博 今天 16:50 来自微博手机版,0,2025-10-29 16:50
8013610403,用户8013610403,转发微博 今天 16:50 来自小米手机,0,2025-10-29 16:50
8375990662,产出姐MVPDEBUFFRemak,转发微博 今天 16:49 来自Android客户端,0,2025-10-29 16:49
,返回我的首页,返回我的首页,0,
,返回我的首页,返回我的首页,0,
9181239870,赛博裸奔_K推,转发微博 今天 16:49 来自魅族手机,0,2025-10-29 16:49
8013821550,可爱的小兔11,转发微博 今天 16:48 来自魅族手机,0,2025-10-29 16:48
,返回我的首页,返回我的首页,0,
,返回我的首页,返回我的首页,0,
8013325198,甜味甜味-方尖,转发微博 今天 16:48 来自联想乐Phone,0,2025-10-29 16:48
8412885902,用户8412885902,转发微博 今天 16:48 来自Android客户端,0,2025-10-29 16:48
9181486350,用户9181486350,转发微博 今天 16:48 来自魅族手机,0,2025-10-29 16:48
,返回我的首页,返回我的首页,0,
